mean	std
-0.08271373490815943	0.15552681912081318
